sourceFixture,fixtureKind,thresholdProfile,report,risk,findingCount,findingIds
fixtures/bytecode/ens-registry-mainnet-runtime.hex,bytecode,default,reports/bytecode-ens-registry-mainnet-runtime--default.json,medium,4,bytecode.state-account-opcode-exposure|bytecode.storage-heavy-pattern|bytecode.log-opcodes-present|bytecode.manual-review-required
fixtures/bytecode/ens-registry-mainnet-runtime.hex,bytecode,research,reports/bytecode-ens-registry-mainnet-runtime--research.json,medium,4,bytecode.state-account-opcode-exposure|bytecode.storage-heavy-pattern|bytecode.log-opcodes-present|bytecode.manual-review-required
fixtures/bytecode/multicall3-mainnet-runtime.hex,bytecode,default,reports/bytecode-multicall3-mainnet-runtime--default.json,low,3,bytecode.calldata-copy-exposure|bytecode.log-opcodes-present|bytecode.manual-review-required
fixtures/bytecode/multicall3-mainnet-runtime.hex,bytecode,research,reports/bytecode-multicall3-mainnet-runtime--research.json,low,4,bytecode.state-account-opcode-presence|bytecode.calldata-copy-exposure|bytecode.log-opcodes-present|bytecode.manual-review-required
fixtures/bytecode/storage-heavy.hex,bytecode,default,reports/bytecode-storage-heavy--default.json,medium,6,bytecode.state-account-opcode-exposure|bytecode.calldata-copy-exposure|bytecode.contract-creation-opcodes|bytecode.storage-heavy-pattern|bytecode.log-opcodes-present|bytecode.manual-review-required
fixtures/bytecode/storage-heavy.hex,bytecode,research,reports/bytecode-storage-heavy--research.json,medium,6,bytecode.state-account-opcode-exposure|bytecode.calldata-copy-exposure|bytecode.contract-creation-opcodes|bytecode.storage-heavy-pattern|bytecode.log-opcodes-present|bytecode.manual-review-required
fixtures/bytecode/uniswap-v2-factory-mainnet-runtime.hex,bytecode,default,reports/bytecode-uniswap-v2-factory-mainnet-runtime--default.json,medium,6,bytecode.state-account-opcode-exposure|bytecode.calldata-copy-exposure|bytecode.contract-creation-opcodes|bytecode.storage-heavy-pattern|bytecode.log-opcodes-present|bytecode.manual-review-required
fixtures/bytecode/uniswap-v2-factory-mainnet-runtime.hex,bytecode,research,reports/bytecode-uniswap-v2-factory-mainnet-runtime--research.json,medium,6,bytecode.state-account-opcode-exposure|bytecode.calldata-copy-exposure|bytecode.contract-creation-opcodes|bytecode.storage-heavy-pattern|bytecode.log-opcodes-present|bytecode.manual-review-required
fixtures/bytecode/usdc-proxy-mainnet-runtime.hex,bytecode,default,reports/bytecode-usdc-proxy-mainnet-runtime--default.json,medium,4,bytecode.state-account-opcode-exposure|bytecode.calldata-copy-exposure|bytecode.log-opcodes-present|bytecode.manual-review-required
fixtures/bytecode/usdc-proxy-mainnet-runtime.hex,bytecode,research,reports/bytecode-usdc-proxy-mainnet-runtime--research.json,medium,5,bytecode.state-account-opcode-exposure|bytecode.calldata-copy-exposure|bytecode.storage-heavy-pattern|bytecode.log-opcodes-present|bytecode.manual-review-required
fixtures/bytecode/weth9-mainnet-runtime.hex,bytecode,default,reports/bytecode-weth9-mainnet-runtime--default.json,medium,4,bytecode.state-account-opcode-exposure|bytecode.storage-heavy-pattern|bytecode.log-opcodes-present|bytecode.manual-review-required
fixtures/bytecode/weth9-mainnet-runtime.hex,bytecode,research,reports/bytecode-weth9-mainnet-runtime--research.json,medium,4,bytecode.state-account-opcode-exposure|bytecode.storage-heavy-pattern|bytecode.log-opcodes-present|bytecode.manual-review-required
fixtures/indexers/balance-diff-indexer.json,indexer,default,reports/indexers-balance-diff-indexer--default.json,medium,2,indexer.balance-diff-native-transfer-assumption|indexer.missing-bal-readiness-metadata
fixtures/indexers/explorer-replay-indexer.json,indexer,default,reports/indexers-explorer-replay-indexer--default.json,medium,1,indexer.balance-diff-native-transfer-assumption
fixtures/indexers/graph-network-subgraph-reduced.yaml,indexer,default,reports/indexers-graph-network-subgraph-reduced--default.json,medium,5,indexer.event-only-assumption|indexer.native-eth-transfer-review-missing|indexer.missing-bal-readiness-metadata|indexer.missing-fork-compatibility-metadata|indexer.missing-replay-plan
fixtures/indexers/subgraph.yaml,indexer,default,reports/indexers-subgraph--default.json,medium,5,indexer.event-only-assumption|indexer.native-eth-transfer-review-missing|indexer.missing-bal-readiness-metadata|indexer.missing-fork-compatibility-metadata|indexer.missing-replay-plan
fixtures/traces/besu-debug-structlogs.json,trace,default,reports/traces-besu-debug-structlogs--default.json,low,1,trace.logs-calls-visible
fixtures/traces/besu-debug-structlogs.json,trace,research,reports/traces-besu-debug-structlogs--research.json,low,1,trace.logs-calls-visible
fixtures/traces/besu-mainnet-tracoor-debug-structlogs.json,trace,default,reports/traces-besu-mainnet-tracoor-debug-structlogs--default.json,medium,4,trace.state-heavy-execution-medium|trace.calldata-heavy-execution|trace.logs-calls-visible|trace.partial-evidence
fixtures/traces/besu-mainnet-tracoor-debug-structlogs.json,trace,research,reports/traces-besu-mainnet-tracoor-debug-structlogs--research.json,medium,4,trace.state-heavy-execution-medium|trace.calldata-heavy-execution|trace.logs-calls-visible|trace.partial-evidence
fixtures/traces/call-tracer-tree.json,trace,default,reports/traces-call-tracer-tree--default.json,medium,3,trace.contract-creation-executed|trace.logs-calls-visible|trace.partial-evidence
fixtures/traces/call-tracer-tree.json,trace,research,reports/traces-call-tracer-tree--research.json,medium,3,trace.contract-creation-executed|trace.logs-calls-visible|trace.partial-evidence
fixtures/traces/drpc-call-tracer-real.json,trace,default,reports/traces-drpc-call-tracer-real--default.json,medium,3,trace.calldata-heavy-execution|trace.logs-calls-visible|trace.partial-evidence
fixtures/traces/drpc-call-tracer-real.json,trace,research,reports/traces-drpc-call-tracer-real--research.json,medium,3,trace.calldata-heavy-execution|trace.logs-calls-visible|trace.partial-evidence
fixtures/traces/erigon-action-trace.json,trace,default,reports/traces-erigon-action-trace--default.json,medium,3,trace.contract-creation-executed|trace.logs-calls-visible|trace.partial-evidence
fixtures/traces/erigon-action-trace.json,trace,research,reports/traces-erigon-action-trace--research.json,medium,3,trace.contract-creation-executed|trace.logs-calls-visible|trace.partial-evidence
fixtures/traces/foundry-json-trace.json,trace,default,reports/traces-foundry-json-trace--default.json,medium,2,trace.contract-creation-executed|trace.logs-calls-visible
fixtures/traces/foundry-json-trace.json,trace,research,reports/traces-foundry-json-trace--research.json,medium,3,trace.state-heavy-execution-medium|trace.contract-creation-executed|trace.logs-calls-visible
fixtures/traces/geth-json-rpc-structlogs.json,trace,default,reports/traces-geth-json-rpc-structlogs--default.json,low,2,trace.calldata-heavy-execution|trace.logs-calls-visible
fixtures/traces/geth-json-rpc-structlogs.json,trace,research,reports/traces-geth-json-rpc-structlogs--research.json,low,2,trace.calldata-heavy-execution|trace.logs-calls-visible
fixtures/traces/hardhat-debug-trace.json,trace,default,reports/traces-hardhat-debug-trace--default.json,medium,2,trace.calldata-heavy-execution|trace.logs-calls-visible
fixtures/traces/hardhat-debug-trace.json,trace,research,reports/traces-hardhat-debug-trace--research.json,medium,2,trace.calldata-heavy-execution|trace.logs-calls-visible
fixtures/traces/nethermind-debug-structlogs.json,trace,default,reports/traces-nethermind-debug-structlogs--default.json,medium,3,trace.calldata-heavy-execution|trace.contract-creation-executed|trace.logs-calls-visible
fixtures/traces/nethermind-debug-structlogs.json,trace,research,reports/traces-nethermind-debug-structlogs--research.json,medium,3,trace.calldata-heavy-execution|trace.contract-creation-executed|trace.logs-calls-visible
fixtures/traces/nethermind-mainnet-tracoor-debug-structlogs.json,trace,default,reports/traces-nethermind-mainnet-tracoor-debug-structlogs--default.json,medium,4,trace.state-heavy-execution-medium|trace.calldata-heavy-execution|trace.logs-calls-visible|trace.partial-evidence
fixtures/traces/nethermind-mainnet-tracoor-debug-structlogs.json,trace,research,reports/traces-nethermind-mainnet-tracoor-debug-structlogs--research.json,medium,4,trace.state-heavy-execution-medium|trace.calldata-heavy-execution|trace.logs-calls-visible|trace.partial-evidence
fixtures/traces/storage-heavy-trace.json,trace,default,reports/traces-storage-heavy-trace--default.json,medium,5,trace.state-heavy-execution-medium|trace.calldata-heavy-execution|trace.contract-creation-executed|trace.logs-calls-visible|trace.partial-evidence
fixtures/traces/storage-heavy-trace.json,trace,research,reports/traces-storage-heavy-trace--research.json,medium,5,trace.state-heavy-execution-medium|trace.calldata-heavy-execution|trace.contract-creation-executed|trace.logs-calls-visible|trace.partial-evidence
fixtures/validator/glamsterdam-devnet-operator-public.yaml,validator,default,reports/validator-glamsterdam-devnet-operator-public--default.json,unknown,2,validator.execution-client-status-partial|validator.consensus-client-status-partial
fixtures/validator/operator-config-builder-gap.yaml,validator,default,reports/validator-operator-config-builder-gap--default.json,medium,3,validator.builder-enabled-without-endpoint|validator.missing-monitoring-endpoints|validator.missing-testnet-participation
fixtures/validator/operator-config-complete.yaml,validator,default,reports/validator-operator-config-complete--default.json,low,0,
fixtures/validator/operator-config.yaml,validator,default,reports/validator-operator-config--default.json,medium,6,validator.unknown-execution-client-compatibility|validator.unknown-consensus-client-compatibility|validator.missing-validator-client-version|validator.builder-enabled-without-endpoint|validator.missing-monitoring-endpoints|validator.missing-testnet-participation
